seed,probe_type,source_pathway_id,source_database,source_family,source_size,probe_size,keep_fraction,gene_ids,model_score
42,pure_partial_boundary_probe,ath01230,KEGG,Amino acid metabolism,242,153,0.6322314049586777,"AT1G07780,AT1G08250,AT1G09780,AT1G09795,AT1G10060,AT1G12230,AT1G15710,AT1G16300,AT1G18500,AT1G18640,AT1G22170,AT1G23310,AT1G24807,AT1G24909,AT1G25220,AT1G29410,AT1G31180,AT1G31230,AT1G31860,AT1G32380,AT1G32440,AT1G32480,AT1G48470,AT1G48860,AT1G50090,AT1G50110,AT1G54340,AT1G55880,AT1G55920,AT1G56190,AT1G58080,AT1G63290,AT1G70580,AT1G71100,AT1G71920,AT1G72330,AT1G74040,AT1G78050,AT1G79530,AT1G79550,AT1G80560,AT1G80600,AT2G01140,AT2G01290,AT2G04400,AT2G05710,AT2G13810,AT2G17265,AT2G17640,AT2G19940,AT2G21330,AT2G22250,AT2G22480,AT2G29560,AT2G30970,AT2G31810,AT2G36530,AT2G37500,AT2G44530,AT2G45290,AT2G45440,AT3G01850,AT3G02020,AT3G03630,AT3G03780,AT3G04050,AT3G04120,AT3G04790,AT3G04940,AT3G06350,AT3G10050,AT3G12780,AT3G13110,AT3G14390,AT3G17390,AT3G19480,AT3G22425,AT3G22460,AT3G23940,AT3G29200,AT3G44720,AT3G47340,AT3G48560,AT3G49160,AT3G49680,AT3G52930,AT3G52990,AT3G54640,AT3G55810,AT3G55870,AT3G57050,AT3G57560,AT3G58610,AT3G58740,AT3G58750,AT3G59890,AT3G60100,AT3G60880,AT4G01850,AT4G08870,AT4G08900,AT4G14880,AT4G14910,AT4G17830,AT4G19710,AT4G24830,AT4G26270,AT4G26970,AT4G27070,AT4G31990,AT4G32520,AT4G33510,AT4G33680,AT4G35260,AT4G35630,AT4G35640,AT4G35650,AT4G35830,AT4G39120,AT4G39540,AT5G03290,AT5G03690,AT5G05590,AT5G05730,AT5G08570,AT5G10870,AT5G10920,AT5G11520,AT5G11880,AT5G13280,AT5G14800,AT5G16290,AT5G16570,AT5G17920,AT5G19550,AT5G20980,AT5G26780,AT5G28030,AT5G34930,AT5G35630,AT5G37600,AT5G44520,AT5G47810,AT5G48220,AT5G52920,AT5G56350,AT5G56630,AT5G56760,AT5G61580,AT5G63680,AT5G63890,AT5G65780,AT5G66120",0.9620316624641418
42,pure_partial_boundary_probe,AC_PWY-2261,AraCyc,Other AraCyc,15,11,0.7333333333333333,"AT1G75270,AT1G77370,AT1G77490,AT3G09640,AT4G08390,AT4G08550,AT4G09010,AT4G32320,AT4G35000,AT4G35970,AT5G16710",0.9959119558334351
42,pure_partial_boundary_probe,AC_PWY66-385,AraCyc,Specialized/other biosynthesis,12,8,0.6666666666666666,"AT1G22020,AT1G36370,AT2G16370,AT4G13890,AT4G13930,AT4G24380,AT4G34570,AT4G37930",0.9877316355705261
42,pure_partial_boundary_probe,AC_PWY-3461,AraCyc,Amino acid metabolism,5,5,1.0,"AT1G69370,AT2G22250,AT3G29200,AT5G10870,AT5G34930",0.9800209403038025
42,pure_partial_boundary_probe,ath00770,KEGG,Cofactor/vitamin metabolism,34,17,0.5,"AT1G12350,AT1G44170,AT1G50090,AT1G60440,AT2G27490,AT2G43020,AT3G11470,AT3G17810,AT3G48560,AT3G59050,AT3G61530,AT4G29680,AT4G36250,AT5G12200,AT5G16290,AT5G48840,AT5G64370",0.2254038006067276
42,pure_partial_boundary_probe,AC_PWY-2582,AraCyc,Specialized/other biosynthesis,7,5,0.7142857142857143,"AT3G13730,AT3G50660,AT4G36380,AT5G05690,AT5G38970",0.9970148801803589
42,pure_partial_boundary_probe,ath03460,KEGG,Other KEGG/cellular,46,28,0.6086956521739131,"AT1G20750,AT1G35530,AT1G67500,AT1G78790,AT2G06510,AT2G21800,AT2G22140,AT2G24490,AT2G32000,AT2G45280,AT3G05090,AT3G52630,AT4G02460,AT4G09140,AT4G14970,AT4G18590,AT4G30870,AT4G35740,AT5G01630,AT5G20850,AT5G39770,AT5G40820,AT5G41150,AT5G44740,AT5G44750,AT5G63540,AT5G63920,AT5G65740",0.9551833271980286
42,pure_partial_boundary_probe,AC_THISYNARA-PWY,AraCyc,Cofactor/vitamin metabolism,9,7,0.7777777777777778,"AT1G02880,AT1G67440,AT2G29630,AT2G44750,AT4G29530,AT5G19460,AT5G19470",0.5236808657646179
42,pure_partial_boundary_probe,AC_PWY-3561,AraCyc,Specialized/other biosynthesis,11,7,0.6363636363636364,"AT1G13560,AT1G52570,AT1G55180,AT2G32260,AT4G11840,AT4G15130,AT5G25370",0.9408285617828369
42,pure_partial_boundary_probe,ath00531,KEGG,Degradation/catabolism,9,7,0.7777777777777778,"AT1G05590,AT1G65590,AT3G55260,AT5G07830,AT5G13690,AT5G34940,AT5G61250",0.5912579298019409
42,pure_partial_boundary_probe,AC_ARO-PWY,AraCyc,Specialized/other biosynthesis,10,6,0.6,"AT1G48850,AT1G48860,AT2G21940,AT2G45300,AT4G39540,AT4G39980",0.9948888421058655
42,pure_partial_boundary_probe,AC_PWY-6754,AraCyc,Degradation/catabolism,6,5,0.8333333333333334,"AT1G49820,AT4G24340,AT4G24350,AT4G28940,AT4G38800",0.9891712069511414
42,pure_partial_boundary_probe,ath00290,KEGG,Amino acid metabolism,21,16,0.7619047619047619,"AT1G10060,AT1G18500,AT1G31180,AT1G50110,AT1G74040,AT2G31810,AT2G43090,AT2G43100,AT3G10050,AT3G23940,AT3G48560,AT3G49680,AT3G58610,AT4G13430,AT5G14200,AT5G65780",0.9970808625221252
42,pure_partial_boundary_probe,AC_PWY-2463,AraCyc,Specialized/other biosynthesis,9,5,0.5555555555555556,"AT1G66540,AT3G28740,AT4G34540,AT4G37320,AT4G37370",0.9202868342399597
42,pure_partial_boundary_probe,AC_PWY-6733,AraCyc,Specialized/other biosynthesis,40,24,0.6,"AT1G01280,AT1G20560,AT1G62940,AT1G69500,AT1G77590,AT2G27690,AT2G29590,AT2G30720,AT2G45970,AT2G47240,AT2G47245,AT3G05970,AT3G11980,AT3G16175,AT3G44550,AT3G56700,AT3G60060,AT4G00360,AT4G11030,AT4G23850,AT4G33790,AT5G22420,AT5G27600,AT5G48370",0.8197584748268127
42,pure_partial_boundary_probe,ath04145,KEGG,Other KEGG/cellular,87,60,0.6896551724137931,"AT1G04820,AT1G08450,AT1G09210,AT1G20010,AT1G20090,AT1G20260,AT1G22740,AT1G34260,AT1G50010,AT1G52280,AT1G60490,AT1G64200,AT1G71010,AT1G75780,AT1G75840,AT1G78720,AT2G16510,AT2G17800,AT2G18710,AT2G21410,AT2G21880,AT2G25610,AT2G44690,AT2G45070,AT3G01390,AT3G14270,AT3G18820,AT3G28710,AT3G28715,AT3G42050,AT3G48040,AT3G48570,AT3G51300,AT3G54840,AT3G58730,AT3G60540,AT4G02620,AT4G09720,AT4G11150,AT4G14960,AT4G19640,AT4G20890,AT4G24920,AT4G26710,AT4G28950,AT4G32530,AT4G33240,AT4G34720,AT4G38510,AT4G38920,AT4G39080,AT5G19770,AT5G44340,AT5G45130,AT5G45970,AT5G50460,AT5G55290,AT5G61790,AT5G62700,AT5G62880",0.9603895545005798
42,pure_partial_boundary_probe,ath01100,KEGG,Other KEGG/cellular,2431,1288,0.5298231180584122,"ARTHCP005,ARTHCP006,ARTHCP008,ARTHCP009,ARTHCP015,ARTHCP016,ARTHCP017,ARTHCP018,ARTHCP021,ARTHCP027,ARTHCP028,ARTHCP029,ARTHCP037,ARTHCP038,ARTHCP039,ARTHCP042,ARTHCP049,ARTHCP050,ARTHCP074,ARTHCP075,ARTHCP076,ARTHCP078,ARTHCP079,ARTHCP086,AT1G01090,AT1G01600,AT1G01610,AT1G01710,AT1G02000,AT1G02145,AT1G02310,AT1G02500,AT1G02580,AT1G02930,AT1G02940,AT1G03090,AT1G03130,AT1G03310,AT1G03600,AT1G04220,AT1G04410,AT1G04580,AT1G04610,AT1G04620,AT1G04920,AT1G05160,AT1G05250,AT1G05260,AT1G05610,AT1G06130,AT1G06310,AT1G06520,AT1G06550,AT1G06680,AT1G06820,AT1G07040,AT1G07110,AT1G07180,AT1G07450,AT1G07780,AT1G08065,AT1G08080,AT1G08250,AT1G08380,AT1G08490,AT1G08630,AT1G09240,AT1G09350,AT1G09400,AT1G09830,AT1G09870,AT1G10060,AT1G10360,AT1G10830,AT1G10900,AT1G10960,AT1G11580,AT1G11610,AT1G11680,AT1G11790,AT1G12000,AT1G12050,AT1G12350,AT1G12780,AT1G12900,AT1G13440,AT1G13560,AT1G13580,AT1G13700,AT1G14150,AT1G14230,AT1G14240,AT1G14250,AT1G14290,AT1G14520,AT1G14550,AT1G14700,AT1G14810,AT1G15110,AT1G15550,AT1G15710,AT1G15820,AT1G15950,AT1G16040,AT1G16540,AT1G16700,AT1G16900,AT1G17160,AT1G17170,AT1G17180,AT1G17260,AT1G17290,AT1G17420,AT1G17650,AT1G17745,AT1G18020,AT1G18500,AT1G18580,AT1G18640,AT1G18870,AT1G19250,AT1G19570,AT1G19920,AT1G20050,AT1G20270,AT1G20490,AT1G20620,AT1G20950,AT1G21400,AT1G21430,AT1G21980,AT1G22170,AT1G22210,AT1G22450,AT1G22620,AT1G22840,AT1G23190,AT1G23310,AT1G23360,AT1G23730,AT1G23820,AT1G23870,AT1G24110,AT1G24320,AT1G24360,AT1G24735,AT1G24793,AT1G25054,AT1G25145,AT1G25220,AT1G25350,AT1G26120,AT1G26160,AT1G26190,AT1G26200,AT1G26570,AT1G26640,AT1G26810,AT1G27140,AT1G27450,AT1G27980,AT1G29410,AT1G29810,AT1G29900,AT1G29910,AT1G29930,AT1G30000,AT1G30100,AT1G30380,AT1G30510,AT1G30520,AT1G30760,AT1G30820,AT1G30870,AT1G31180,AT1G31190,AT1G31220,AT1G31230,AT1G31330,AT1G31800,AT1G31860,AT1G31910,AT1G32300,AT1G32380,AT1G32440,AT1G32470,AT1G32550,AT1G32710,AT1G32780,AT1G32900,AT1G33320,AT1G33700,AT1G34130,AT1G34510,AT1G35910,AT1G36160,AT1G36280,AT1G36370,AT1G37130,AT1G37150,AT1G42970,AT1G43800,AT1G44180,AT1G44318,AT1G44446,AT1G44790,AT1G44970,AT1G45191,AT1G45474,AT1G47600,AT1G47840,AT1G48470,AT1G48520,AT1G48605,AT1G48850,AT1G48910,AT1G48930,AT1G49140,AT1G49340,AT1G49430,AT1G49570,AT1G49860,AT1G50110,AT1G50170,AT1G50390,AT1G50460,AT1G50510,AT1G51040,AT1G51260,AT1G51470,AT1G51680,AT1G51720,AT1G52230,AT1G52570,AT1G52760,AT1G53240,AT1G53310,AT1G53680,AT1G53710,AT1G53830,AT1G54100,AT1G55090,AT1G55120,AT1G55180,AT1G55510,AT1G55560,AT1G55570,AT1G55810,AT1G55880,AT1G56190,AT1G56680,AT1G58300,AT1G58440,AT1G59312,AT1G59700,AT1G60450,AT1G60550,AT1G60810,AT1G61280,AT1G61720,AT1G62180,AT1G62380,AT1G62430,AT1G62640,AT1G62660,AT1G62800,AT1G63000,AT1G63050,AT1G63110,AT1G63180,AT1G63290,AT1G63460,AT1G63660,AT1G63710,AT1G63770,AT1G63940,AT1G63970,AT1G64190,AT1G64200,AT1G64390,AT1G64400,AT1G64440,AT1G64710,AT1G64970,AT1G65290,AT1G65820,AT1G65930,AT1G66200,AT1G66250,AT1G66270,AT1G66280,AT1G66430,AT1G66520,AT1G67070,AT1G67110,AT1G67280,AT1G67550,AT1G67560,AT1G67740,AT1G67750,AT1G68020,AT1G68850,AT1G69500,AT1G69720,AT1G69740,AT1G69770,AT1G69830,AT1G69940,AT1G70560,AT1G70580,AT1G70730,AT1G71010,AT1G71100,AT1G71160,AT1G71170,AT1G71180,AT1G71380,AT1G71695,AT1G71697,AT1G72590,AT1G72810,AT1G72880,AT1G72990,AT1G73010,AT1G73250,AT1G73370,AT1G73740,AT1G73980,AT1G74000,AT1G74010,AT1G74020,AT1G74040,AT1G74260,AT1G74320,AT1G74340,AT1G74470,AT1G74920,AT1G75020,AT1G75270,AT1G75330,AT1G75630,AT1G75940,AT1G76100,AT1G76130,AT1G76400,AT1G76570,AT1G76680,AT1G76690,AT1G76730,AT1G77330,AT1G77420,AT1G77740,AT1G77760,AT1G78320,AT1G78360,AT1G78370,AT1G78390,AT1G78570,AT1G78590,AT1G78800,AT1G78900,AT1G78950,AT1G79440,AT1G79750,AT1G79790,AT1G79870,AT1G80050,AT1G80360,AT1G80460,AT1G80600,AT1G80660,AT1G80740,AT1G80860,AT1G80950,AT2G01350,AT2G01630,AT2G02000,AT2G02500,AT2G02720,AT2G02930,AT2G03690,AT2G04560,AT2G04650,AT2G05100,AT2G05320,AT2G05710,AT2G05830,AT2G06050,AT2G06925,AT2G07671,AT2G07687,AT2G07689,AT2G07707,AT2G07727,AT2G14750,AT2G15090,AT2G15620,AT2G16370,AT2G16530,AT2G16570,AT2G17130,AT2G17265,AT2G17370,AT2G17720,AT2G18140,AT2G18640,AT2G18700,AT2G18730,AT2G18980,AT2G19070,AT2G19570,AT2G19800,AT2G19860,AT2G19900,AT2G20340,AT2G20420,AT2G20610,AT2G20690,AT2G20800,AT2G20810,AT2G20900,AT2G21170,AT2G21590,AT2G22190,AT2G22420,AT2G22450,AT2G22780,AT2G22810,AT2G23096,AT2G23420,AT2G24270,AT2G24580,AT2G25610,AT2G25630,AT2G25710,AT2G26080,AT2G26230,AT2G26260,AT2G26420,AT2G26640,AT2G26670,AT2G26800,AT2G27150,AT2G27340,AT2G27450,AT2G27760,AT2G27860,AT2G28520,AT2G28630,AT2G28760,AT2G28850,AT2G29260,AT2G29320,AT2G29330,AT2G29350,AT2G29370,AT2G29390,AT2G29420,AT2G29480,AT2G29560,AT2G29990,AT2G30200,AT2G30490,AT2G30670,AT2G30770,AT2G30870,AT2G31390,AT2G31810,AT2G32160,AT2G32170,AT2G32260,AT2G32290,AT2G32520,AT2G33220,AT2G33230,AT2G34060,AT2G34430,AT2G34500,AT2G34630,AT2G34790,AT2G34850,AT2G34890,AT2G34980,AT2G35520,AT2G35690,AT2G36390,AT2G36460,AT2G36880,AT2G37040,AT2G37130,AT2G37500,AT2G37690,AT2G37790,AT2G38010,AT2G38110,AT2G38150,AT2G38280,AT2G38390,AT2G38400,AT2G38670,AT2G38680,AT2G39040,AT2G39630,AT2G40116,AT2G40190,AT2G40490,AT2G40690,AT2G41210,AT2G41480,AT2G41530,AT2G42490,AT2G42790,AT2G43020,AT2G43080,AT2G43350,AT2G43360,AT2G43420,AT2G43480,AT2G43570,AT2G43580,AT2G43590,AT2G43600,AT2G43620,AT2G43750,AT2G43880,AT2G43890,AT2G43980,AT2G44040,AT2G44160,AT2G44450,AT2G44470,AT2G44490,AT2G44520,AT2G44540,AT2G44550,AT2G44560,AT2G44620,AT2G44660,AT2G44750,AT2G44810,AT2G45310,AT2G45880,AT2G46480,AT2G46580,AT2G46720,AT2G46740,AT2G46750,AT2G46760,AT2G47030,AT2G47510,AT2G47550,AT2G47630,AT2G47650,AT2G47690,AT2G48150,AT3G01180,AT3G01190,AT3G01380,AT3G01390,AT3G01440,AT3G01640,AT3G01910,AT3G02020,AT3G02030,AT3G02360,AT3G02580,AT3G02590,AT3G02610,AT3G02620,AT3G02780,AT3G03070,AT3G03190,AT3G03310,AT3G03520,AT3G03540,AT3G03630,AT3G03640,AT3G03750,AT3G03780,AT3G03910,AT3G03980,AT3G04080,AT3G04120,AT3G04520,AT3G04790,AT3G04870,AT3G04940,AT3G05610,AT3G05630,AT3G05970,AT3G06200,AT3G06510,AT3G06580,AT3G06650,AT3G06810,AT3G06830,AT3G06850,AT3G07270,AT3G07800,AT3G07830,AT3G07850,AT3G07970,AT3G08590,AT3G08900,AT3G09020,AT3G09270,AT3G09540,AT3G09560,AT3G09920,AT3G10230,AT3G10370,AT3G10550,AT3G10700,AT3G10740,AT3G10890,AT3G10900,AT3G11470,AT3G11670,AT3G11945,AT3G12780,AT3G13390,AT3G13400,AT3G13450,AT3G13560,AT3G13730,AT3G13784,AT3G13790,AT3G13930,AT3G14040,AT3G14050,AT3G14130,AT3G14205,AT3G14270,AT3G14310,AT3G14390,AT3G14550,AT3G14790,AT3G14930,AT3G14940,AT3G15020,AT3G15290,AT3G15640,AT3G16140,AT3G16170,AT3G16700,AT3G16785,AT3G16910,AT3G16950,AT3G17070,AT3G17390,AT3G17470,AT3G17810,AT3G18030,AT3G18410,AT3G18680,AT3G18850,AT3G19260,AT3G19280,AT3G19620,AT3G19820,AT3G20440,AT3G20480,AT3G21070,AT3G21160,AT3G21230,AT3G21370,AT3G21500,AT3G21720,AT3G22425,AT3G23630,AT3G23820,AT3G24170,AT3G24200,AT3G24220,AT3G24360,AT3G25140,AT3G25530,AT3G25540,AT3G25570,AT3G25585,AT3G25660,AT3G25760,AT3G25770,AT3G25780,AT3G25820,AT3G25830,AT3G25900,AT3G26115,AT3G26650,AT3G27060,AT3G27325,AT3G27380,AT3G27400,AT3G27440,AT3G27540,AT3G27820,AT3G28200,AT3G28480,AT3G28715,AT3G29090,AT3G29200,AT3G29320,AT3G29360,AT3G29430,AT3G30540,AT3G30775,AT3G32040,AT3G42050,AT3G42640,AT3G42850,AT3G43190,AT3G43600,AT3G43670,AT3G44310,AT3G44320,AT3G45040,AT3G45300,AT3G46440,AT3G46940,AT3G47010,AT3G47040,AT3G47340,AT3G47390,AT3G47450,AT3G47470,AT3G47800,AT3G48000,AT3G48170,AT3G48540,AT3G48560,AT3G48610,AT3G48730,AT3G48780,AT3G49360,AT3G49680,AT3G49700,AT3G49960,AT3G50110,AT3G50820,AT3G51820,AT3G51830,AT3G52600,AT3G52730,AT3G52940,AT3G52990,AT3G53130,AT3G53260,AT3G53900,AT3G54250,AT3G54420,AT3G54470,AT3G54890,AT3G54920,AT3G55040,AT3G55120,AT3G55140,AT3G55260,AT3G55360,AT3G55410,AT3G55440,AT3G55590,AT3G57050,AT3G57140,AT3G57170,AT3G57220,AT3G57510,AT3G57550,AT3G57560,AT3G57610,AT3G57650,AT3G58610,AT3G58730,AT3G58750,AT3G58990,AT3G59480,AT3G59710,AT3G60120,AT3G60340,AT3G60620,AT3G60880,AT3G61470,AT3G61510,AT3G61610,AT3G62040,AT3G62740,AT3G62790,AT3G62830,AT3G62860,AT3G63250,AT4G00240,AT4G00490,AT4G01190,AT4G01850,AT4G01970,AT4G02260,AT4G02290,AT4G02320,AT4G02620,AT4G02780,AT4G03280,AT4G04040,AT4G04320,AT4G04610,AT4G04930,AT4G04955,AT4G05020,AT4G05160,AT4G05390,AT4G05530,AT4G08040,AT4G08770,AT4G08780,AT4G09020,AT4G09760,AT4G10040,AT4G10060,AT4G10260,AT4G10960,AT4G11030,AT4G11150,AT4G11280,AT4G11640,AT4G11730,AT4G11820,AT4G12250,AT4G12290,AT4G12430,AT4G12800,AT4G13050,AT4G13210,AT4G13260,AT4G13360,AT4G13430,AT4G13610,AT4G13710,AT4G13720,AT4G13890,AT4G13930,AT4G13940,AT4G14070,AT4G14710,AT4G14890,AT4G15093,AT4G15130,AT4G15180,AT4G15560,AT4G16130,AT4G16155,AT4G16210,AT4G16270,AT4G16700,AT4G16760,AT4G16800,AT4G17190,AT4G17260,AT4G17360,AT4G17470,AT4G17483,AT4G17690,AT4G18180,AT4G18230,AT4G18360,AT4G18440,AT4G18480,AT4G19010,AT4G19020,AT4G19170,AT4G19710,AT4G19720,AT4G19730,AT4G19750,AT4G19800,AT4G19820,AT4G20070,AT4G20320,AT4G20460,AT4G21000,AT4G21150,AT4G21470,AT4G21490,AT4G21540,AT4G21690,AT4G21990,AT4G22570,AT4G22755,AT4G22870,AT4G22880,AT4G22930,AT4G23100,AT4G23600,AT4G23660,AT4G23730,AT4G23850,AT4G24260,AT4G24620,AT4G24730,AT4G25000,AT4G25080,AT4G25950,AT4G25970,AT4G26200,AT4G26220,AT4G26250,AT4G26270,AT4G26390,AT4G26520,AT4G26530,AT4G26710,AT4G26910,AT4G26970,AT4G27270,AT4G27440,AT4G27830,AT4G28060,AT4G28130,AT4G28420,AT4G28660,AT4G28680,AT4G29120,AT4G29210,AT4G29480,AT4G29570,AT4G29600,AT4G29610,AT4G29630,AT4G29720,AT4G29840,AT4G29890,AT4G30190,AT4G30440,AT4G30580,AT4G30910,AT4G30920,AT4G31140,AT4G31290,AT4G31500,AT4G31870,AT4G32210,AT4G32260,AT4G32320,AT4G32370,AT4G32470,AT4G32520,AT4G32530,AT4G32540,AT4G32840,AT4G33030,AT4G33220,AT4G33510,AT4G33580,AT4G33670,AT4G33680,AT4G33770,AT4G33870,AT4G34050,AT4G34200,AT4G34230,AT4G34240,AT4G34520,AT4G34570,AT4G34700,AT4G34710,AT4G34740,AT4G34880,AT4G35000,AT4G35150,AT4G35530,AT4G35630,AT4G35640,AT4G35670,AT4G35790,AT4G35810,AT4G35830,AT4G35987,AT4G36220,AT4G36250,AT4G36380,AT4G36430,AT4G36750,AT4G37670,AT4G37760,AT4G37770,AT4G37840,AT4G37930,AT4G37970,AT4G37980,AT4G37990,AT4G38220,AT4G38510,AT4G38570,AT4G38920,AT4G39080,AT4G39120,AT4G39540,AT4G39640,AT4G39650,AT4G39660,AT4G39950,AT4G39980,AT5G01250,AT5G01330,AT5G01410,AT5G01530,AT5G01670,AT5G01930,AT5G02080,AT5G02780,AT5G03080,AT5G03370,AT5G03630,AT5G03690,AT5G03860,AT5G04040,AT5G04180,AT5G04230,AT5G04310,AT5G04330,AT5G04530,AT5G04590,AT5G04885,AT5G04900,AT5G04940,AT5G04950,AT5G05260,AT5G05270,AT5G05340,AT5G05730,AT5G05980,AT5G06060,AT5G06090,AT5G07200,AT5G07830,AT5G08100,AT5G08280,AT5G08300,AT5G08370,AT5G08415,AT5G08530,AT5G08640,AT5G08680,AT5G08690,AT5G08740,AT5G09280,AT5G09300,AT5G09350,AT5G09730,AT5G10100,AT5G10170,AT5G10300,AT5G10480,AT5G10870,AT5G10920,AT5G11110,AT5G11320,AT5G11380,AT5G11520,AT5G11540,AT5G11670,AT5G11920,AT5G12200,AT5G13050,AT5G13110,AT5G13280,AT5G13420,AT5G13450,AT5G13690,AT5G13710,AT5G13930,AT5G14060,AT5G14200,AT5G14220,AT5G14480,AT5G14500,AT5G14590,AT5G14740,AT5G14760,AT5G14780,AT5G14800,AT5G14950,AT5G15070,AT5G15110,AT5G15140,AT5G15180,AT5G15490,AT5G15530,AT5G16230,AT5G16240,AT5G16390,AT5G16440,AT5G17230,AT5G17310,AT5G17330,AT5G17820,AT5G17990,AT5G18070,AT5G18170,AT5G18200,AT5G18210,AT5G18280,AT5G18930,AT5G19040,AT5G19220,AT5G19690,AT5G20070,AT5G20830,AT5G20940,AT5G20950,AT5G20960,AT5G21105,AT5G22130,AT5G22630,AT5G23250,AT5G23670,AT5G23790,AT5G24090,AT5G24300,AT5G24330,AT5G24540,AT5G24550,AT5G24760,AT5G25370,AT5G25900,AT5G25980,AT5G26030,AT5G26220,AT5G26600,AT5G26780,AT5G27530,AT5G27600,AT5G27650,AT5G27870,AT5G28510,AT5G30500,AT5G34780,AT5G34940,AT5G35170,AT5G35630,AT5G35917,AT5G36130,AT5G36140,AT5G36700,AT5G36880,AT5G36890,AT5G37830,AT5G37850,AT5G38120,AT5G38410,AT5G38420,AT5G38430,AT5G38450,AT5G38530,AT5G38710,AT5G38970,AT5G39320,AT5G39400,AT5G39580,AT5G39910,AT5G40390,AT5G40650,AT5G40760,AT5G40850,AT5G41120,AT5G41130,AT5G41210,AT5G41220,AT5G41240,AT5G41480,AT5G42250,AT5G42650,AT5G42740,AT5G42800,AT5G42810,AT5G43330,AT5G43600,AT5G43760,AT5G43860,AT5G44640,AT5G44830,AT5G44840,AT5G45180,AT5G45930,AT5G46290,AT5G46850,AT5G47340,AT5G47435,AT5G47760,AT5G47770,AT5G47780,AT5G47810,AT5G47890,AT5G48140,AT5G48230,AT5G48300,AT5G48375,AT5G48880,AT5G48900,AT5G49160,AT5G49190,AT5G49460,AT5G49650,AT5G50210,AT5G50375,AT5G50750,AT5G51030,AT5G51110,AT5G51820,AT5G51830,AT5G51970,AT5G52560,AT5G52570,AT5G53120,AT5G53460,AT5G53970,AT5G54160,AT5G54190,AT5G54390,AT5G54570,AT5G54810,AT5G55070,AT5G55120,AT5G55500,AT5G55760,AT5G56080,AT5G56350,AT5G56470,AT5G56630,AT5G57190,AT5G57300,AT5G57350,AT5G57655,AT5G57815,AT5G57840,AT5G57890,AT5G58240,AT5G58390,AT5G58690,AT5G58700,AT5G59290,AT5G59770,AT5G61410,AT5G61760,AT5G61830,AT5G62670,AT5G63180,AT5G63380,AT5G63400,AT5G63570,AT5G63600,AT5G63840,AT5G63890,AT5G63980,AT5G63990,AT5G64000,AT5G64050,AT5G64070,AT5G64120,AT5G64300,AT5G64370,AT5G65010,AT5G65110,AT5G65690,AT5G65720,AT5G65780,AT5G65800,AT5G65940,AT5G66005,AT5G66020,AT5G66060,AT5G66220,AT5G66280,AT5G66390,AT5G66460,AT5G66680,AT5G67030,AT5G67520,AT5G67590,DA397_MGP04,DA397_MGP14,DA397_MGP16,DA397_MGP17,DA397_MGP19,DA397_MGP23,DA397_MGP28,DA397_MGP30,DA397_MGP33,DA397_MGP35,DA397_MGP37,DA397_MGP38",0.8948516845703125
42,pure_partial_boundary_probe,AC_PWY-4221ARA,AraCyc,Cofactor/vitamin metabolism,15,12,0.8,"AT1G12350,AT1G48605,AT1G60440,AT2G17320,AT2G17340,AT2G18250,AT2G46110,AT3G18030,AT3G61530,AT4G35360,AT5G02080,AT5G48840",0.9969071745872498
42,pure_partial_boundary_probe,ath00513,KEGG,Carbohydrate metabolism,35,24,0.6857142857142857,"AT1G02145,AT1G05590,AT1G16570,AT1G16900,AT1G26810,AT1G30000,AT1G51590,AT1G71990,AT1G76400,AT1G77350,AT1G78800,AT2G05320,AT2G35520,AT2G40190,AT3G19280,AT3G21160,AT4G16710,AT4G18230,AT4G21150,AT4G29735,AT4G29870,AT4G38240,AT5G19690,AT5G66680",0.8857983946800232
42,pure_partial_boundary_probe,AC_PENTOSE-P-PWY,AraCyc,Carbohydrate metabolism,26,20,0.7692307692307693,"AT1G09420,AT1G13700,AT1G24280,AT1G63290,AT1G64190,AT1G71100,AT2G01290,AT2G45290,AT3G01850,AT3G02360,AT3G04790,AT3G04880,AT3G49360,AT3G60750,AT5G13110,AT5G13420,AT5G24400,AT5G24420,AT5G41670,AT5G61410",0.9948144555091858
42,pure_partial_boundary_probe,ath03450,KEGG,Other KEGG/cellular,8,5,0.625,"AT1G10520,AT1G16970,AT2G31970,AT5G26680,AT5G54260",0.5357847213745117
42,pure_partial_boundary_probe,ath00330,KEGG,Amino acid metabolism,54,40,0.7407407407407407,"AT1G08980,AT1G23820,AT1G54100,AT1G70310,AT2G14260,AT2G16500,AT2G23096,AT2G27450,AT2G30970,AT2G43020,AT2G43080,AT3G02470,AT3G06300,AT3G25570,AT3G28480,AT3G28490,AT3G30775,AT3G47450,AT3G48000,AT3G55610,AT3G59050,AT4G08900,AT4G25600,AT4G29720,AT4G31990,AT4G34880,AT4G35820,AT5G08170,AT5G11520,AT5G13700,AT5G14800,AT5G15950,AT5G18900,AT5G18930,AT5G19550,AT5G38710,AT5G46180,AT5G53120,AT5G61160,AT5G66060",0.9701780080795288
42,pure_partial_boundary_probe,AC_PWYQT-94,AraCyc,Specialized/other biosynthesis,8,6,0.75,"AT1G23820,AT1G70310,AT3G17717,AT3G25570,AT5G15950,AT5G19530",0.9477061629295349
42,pure_partial_boundary_probe,AC_PWY-6691,AraCyc,Specialized/other biosynthesis,17,12,0.7058823529411765,"AT1G17050,AT1G49530,AT2G18620,AT2G18640,AT3G02600,AT3G14510,AT3G14530,AT3G14550,AT3G20160,AT3G29430,AT3G32040,AT4G38460",0.9992454051971436
42,pure_partial_boundary_probe,AC_PWY-6124,AraCyc,Specialized/other biosynthesis,6,5,0.8333333333333334,"AT1G36280,AT2G05140,AT2G37690,AT3G21110,AT4G18440",0.993256688117981
42,pure_partial_boundary_probe,AC_ALANINE-SYN2-PWY,AraCyc,Amino acid metabolism,6,5,0.8333333333333334,"AT1G17290,AT1G23310,AT1G70560,AT1G70580,AT1G72330",0.9864896535873413
42,pure_partial_boundary_probe,AC_PWY3O-4107,AraCyc,Degradation/catabolism,10,5,0.5,"AT1G08980,AT2G23420,AT4G36940,AT5G23230,AT5G55810",0.5729007720947266
42,pure_partial_boundary_probe,AC_PWYQT-4449,AraCyc,Specialized/other biosynthesis,17,12,0.7058823529411765,"AT1G11755,AT1G17050,AT1G49530,AT1G78510,AT2G18620,AT2G18640,AT3G14510,AT3G14550,AT3G32040,AT4G17190,AT4G36810,AT5G47770",0.9992533326148987
42,pure_partial_boundary_probe,AC_ASPARTATESYN-PWY,AraCyc,Amino acid metabolism,9,5,0.5555555555555556,"AT1G62800,AT1G62960,AT5G11520,AT5G19550,AT5G51690",0.9712453484535217
42,pure_partial_boundary_probe,AC_PWYQT-4429,AraCyc,Other AraCyc,21,17,0.8095238095238095,"AT1G08065,AT1G08080,AT1G19580,AT1G47260,AT1G53310,AT1G68750,AT1G70410,AT2G28210,AT3G01500,AT3G14940,AT3G42628,AT3G52720,AT4G20990,AT4G21000,AT4G33580,AT5G14740,AT5G56330",0.9256755709648132
42,pure_partial_boundary_probe,AC_PWY-5035,AraCyc,Specialized/other biosynthesis,14,11,0.7857142857142857,"AT1G14120,AT1G15550,AT1G44090,AT1G60980,AT1G80340,AT4G23340,AT4G25420,AT5G07200,AT5G24910,AT5G51310,AT5G51810",0.9989137649536133
42,pure_partial_boundary_probe,ath03030,KEGG,Other KEGG/cellular,43,24,0.5581395348837209,"AT1G07370,AT1G08130,AT1G21690,AT1G77470,AT1G78650,AT2G07690,AT2G16440,AT2G24490,AT2G27120,AT2G27470,AT2G29570,AT2G39440,AT2G42120,AT3G18580,AT4G02060,AT4G19130,AT5G22010,AT5G22110,AT5G27740,AT5G41880,AT5G44635,AT5G46280,AT5G61000,AT5G63960",0.9863384366035461
42,pure_partial_boundary_probe,AC_PWYQT-4473,AraCyc,Amino acid metabolism,32,20,0.625,"AT1G12130,AT1G12160,AT1G12200,AT1G18590,AT1G24100,AT1G62540,AT1G62600,AT1G63340,AT1G63390,AT1G69820,AT1G79370,AT2G20610,AT2G23960,AT2G24850,AT4G23600,AT4G28410,AT4G30530,AT4G30540,AT4G39640,AT5G07800",0.8818808197975159
42,pure_partial_boundary_probe,AC_PWY-7184,AraCyc,Specialized/other biosynthesis,6,5,0.8333333333333334,"AT2G21550,AT4G34570,AT5G17760,AT5G59440,AT5G66005",0.09179183840751648
42,pure_partial_boundary_probe,ath04620,KEGG,Signalling/regulatory,15,9,0.6,"AT1G04970,AT1G07880,AT1G20090,AT1G75840,AT3G48040,AT4G28950,AT4G35020,AT5G56580,AT5G62880",0.7264206409454346
42,pure_partial_boundary_probe,ath00999,KEGG,Specialized/other biosynthesis,70,51,0.7285714285714285,"AT1G02500,AT1G09240,AT1G26560,AT1G45191,AT1G55290,AT1G56430,AT1G59950,AT1G59960,AT1G60090,AT1G60260,AT1G61810,AT1G61820,AT1G66270,AT1G66280,AT1G75940,AT1G78950,AT2G32860,AT2G36880,AT2G44450,AT2G44460,AT2G44470,AT2G44480,AT2G44490,AT3G03640,AT3G06350,AT3G12900,AT3G13610,AT3G18070,AT3G18080,AT3G21370,AT3G47010,AT3G47040,AT3G47050,AT3G60130,AT3G62740,AT3G62750,AT4G13660,AT4G21760,AT4G27830,AT4G31940,AT4G31970,AT5G20950,AT5G24540,AT5G24550,AT5G28510,AT5G36110,AT5G36130,AT5G42260,AT5G54570,AT5G56080,AT5G61160",0.9937637448310852
42,pure_partial_boundary_probe,AC_PWY-7196,AraCyc,Degradation/catabolism,29,15,0.5172413793103449,"AT1G03030,AT1G30820,AT1G55810,AT2G19570,AT3G10030,AT3G27190,AT3G27440,AT3G53900,AT4G25280,AT4G26510,AT4G29570,AT4G29580,AT4G29620,AT4G29640,AT4G29650",0.9958767890930176
42,pure_partial_boundary_probe,AC_PWY-2181,AraCyc,Specialized/other biosynthesis,9,5,0.5555555555555556,"AT1G33030,AT1G51990,AT2G40890,AT4G26220,AT4G36220",0.5836545825004578
42,pure_partial_boundary_probe,ath00196,KEGG,Energy metabolism,22,16,0.7272727272727273,"AT1G15820,AT1G19150,AT1G29920,AT1G29930,AT1G45474,AT1G61520,AT1G76570,AT2G05100,AT2G34420,AT2G40100,AT3G27690,AT3G47470,AT3G54890,AT3G61470,AT4G10340,AT5G28450",0.998728334903717
42,pure_partial_boundary_probe,AC_PWY-7177,AraCyc,Other AraCyc,12,9,0.75,"AT1G14230,AT1G14240,AT1G14250,AT1G30820,AT2G02970,AT2G34890,AT4G02120,AT4G19180,AT4G20320",0.9961531758308411
42,pure_partial_boundary_probe,AC_PWY-5320,AraCyc,Specialized/other biosynthesis,18,9,0.5,"AT1G01420,AT1G05675,AT1G05680,AT2G36790,AT2G43840,AT3G21790,AT3G50740,AT4G34138,AT5G66690",0.9981480836868286
42,pure_partial_boundary_probe,AC_PWYQT-4450,AraCyc,Specialized/other biosynthesis,5,5,1.0,"AT2G43100,AT3G49680,AT4G13430,AT5G14200,AT5G23020",0.9827877283096313
42,pure_partial_boundary_probe,ath00400,KEGG,Amino acid metabolism,56,37,0.6607142857142857,"AT1G11790,AT1G22410,AT1G24807,AT1G24909,AT1G25083,AT1G25155,AT1G25220,AT1G62800,AT2G21940,AT2G22250,AT2G27820,AT2G29690,AT3G06350,AT3G07630,AT3G29200,AT3G54640,AT4G02610,AT4G23590,AT4G28410,AT4G31990,AT4G39540,AT5G05590,AT5G05730,AT5G10330,AT5G10870,AT5G11520,AT5G17990,AT5G19550,AT5G22630,AT5G28237,AT5G34930,AT5G38530,AT5G48220,AT5G53970,AT5G54810,AT5G57890,AT5G66120",0.9971824884414673
42,pure_partial_boundary_probe,AC_PWY-6527,AraCyc,Degradation/catabolism,8,6,0.75,"AT2G35020,AT3G06580,AT3G56040,AT5G17310,AT5G18200,AT5G52560",0.8825294375419617
42,pure_partial_boundary_probe,AC_PWY-6724,AraCyc,Degradation/catabolism,8,5,0.625,"AT3G01510,AT3G52180,AT4G09020,AT4G17090,AT5G64860",0.9719423651695251
42,pure_partial_boundary_probe,AC_PWY-282,AraCyc,Lipid metabolism,15,10,0.6666666666666666,"AT1G02205,AT1G47620,AT1G57750,AT1G66030,AT4G33790,AT4G39490,AT4G39500,AT4G39510,AT5G37300,AT5G51900",0.7635769248008728
42,pure_partial_boundary_probe,AC_PWY-5122,AraCyc,Specialized/other biosynthesis,15,9,0.6,"AT2G18640,AT2G34630,AT3G14510,AT3G14530,AT3G14550,AT3G20160,AT4G17190,AT4G36810,AT4G38460",0.9980883002281189
42,pure_partial_boundary_probe,AC_PWY-7634,AraCyc,Specialized/other biosynthesis,8,5,0.625,"AT1G64900,AT3G03470,AT3G10560,AT3G10570,AT5G04660",0.9972531199455261
42,pure_partial_boundary_probe,AC_PWY-6544,AraCyc,Lipid metabolism,7,5,0.7142857142857143,"AT2G38050,AT3G50660,AT4G36380,AT5G05690,AT5G38970",0.9889212846755981
42,pure_partial_boundary_probe,AC_GLUTORN-PWY,AraCyc,Specialized/other biosynthesis,10,7,0.7,"AT1G60000,AT2G19940,AT2G22905,AT3G57560,AT4G17830,AT4G37670,AT5G67430",0.0055211870931088924
42,pure_partial_boundary_probe,ath00543,KEGG,Specialized/other biosynthesis,5,5,1.0,"AT1G55920,AT2G17640,AT3G13110,AT4G35640,AT5G56760",0.9987415671348572
42,pure_partial_boundary_probe,ath03410,KEGG,Other KEGG/cellular,50,25,0.5,"AT1G05900,AT1G08130,AT1G10520,AT1G15970,AT1G19480,AT1G21710,AT1G50840,AT1G52500,AT1G75090,AT1G75230,AT1G77470,AT1G80850,AT2G27470,AT2G29570,AT2G31865,AT2G31870,AT2G41460,AT3G12040,AT3G12710,AT4G02390,AT5G15170,AT5G22010,AT5G22110,AT5G57970,AT5G63960",0.9713996052742004
42,pure_partial_boundary_probe,AC_PWY-622,AraCyc,Carbohydrate metabolism,20,15,0.75,"AT1G05610,AT1G11720,AT1G23190,AT1G27680,AT1G32900,AT1G70730,AT1G70820,AT2G36390,AT2G39930,AT3G01180,AT4G18240,AT4G39210,AT5G24300,AT5G42740,AT5G51820",0.9760017395019531
42,pure_partial_boundary_probe,AC_ASPARTATE-DEG1-PWY,AraCyc,Degradation/catabolism,9,6,0.6666666666666666,"AT1G62960,AT1G70560,AT2G22250,AT2G30970,AT5G19550,AT5G51690",0.8319190144538879
42,pure_partial_boundary_probe,ath04148,KEGG,Other KEGG/cellular,53,29,0.5471698113207547,"AT1G07880,AT1G08190,AT1G12470,AT1G16360,AT1G20090,AT1G22860,AT1G49300,AT1G54320,AT1G75840,AT2G04550,AT2G15230,AT2G17800,AT2G21880,AT3G12740,AT3G16100,AT3G48040,AT3G51300,AT3G54860,AT4G08870,AT4G08900,AT4G20100,AT4G21540,AT5G04930,AT5G13430,AT5G13440,AT5G27650,AT5G45130,AT5G46150,AT5G56580",0.5338301658630371
42,pure_partial_boundary_probe,AC_PWY-581,AraCyc,Specialized/other biosynthesis,34,22,0.6470588235294118,"AT1G04610,AT1G21430,AT1G23320,AT1G48910,AT1G70560,AT1G80360,AT2G30750,AT3G48270,AT3G48290,AT3G48300,AT3G48310,AT3G48320,AT4G13290,AT4G13310,AT4G20240,AT4G24670,AT4G28720,AT5G11320,AT5G22300,AT5G24950,AT5G25620,AT5G43890",0.9670118093490601
42,pure_partial_boundary_probe,AC_PWY-4361,AraCyc,Degradation/catabolism,8,5,0.625,"AT1G77670,AT2G05830,AT4G14710,AT4G14716,AT5G53850",0.9255370497703552
42,pure_partial_boundary_probe,ath00590,KEGG,Other KEGG/cellular,12,7,0.5833333333333334,"AT1G69820,AT3G57140,AT3G59710,AT4G39640,AT5G04040,AT5G51030,AT5G61830",0.0963236540555954
42,pure_partial_boundary_probe,AC_PWY-5143,AraCyc,Lipid metabolism,12,8,0.6666666666666666,"AT1G49430,AT1G62940,AT1G64400,AT2G04350,AT2G47240,AT2G47245,AT4G23850,AT5G27600",0.985395610332489
42,pure_partial_boundary_probe,AC_PWY-5272,AraCyc,Degradation/catabolism,22,15,0.6818181818181818,"AT1G05560,AT1G05675,AT1G07250,AT1G52400,AT2G16890,AT2G23210,AT2G23250,AT2G23260,AT2G30150,AT2G31750,AT3G21780,AT4G14090,AT4G15260,AT4G15280,AT5G59580",0.9853841662406921
42,pure_partial_boundary_probe,AC_PWY-7343,AraCyc,Carbohydrate metabolism,10,7,0.7,"AT1G23190,AT1G70730,AT1G70820,AT2G35020,AT3G56040,AT5G17310,AT5G51820",0.8989783525466919
42,pure_partial_boundary_probe,ath00260,KEGG,Amino acid metabolism,70,51,0.7285714285714285,"AT1G08630,AT1G09780,AT1G11860,AT1G12550,AT1G14810,AT1G17745,AT1G18640,AT1G22020,AT1G23310,AT1G31230,AT1G31670,AT1G31690,AT1G31710,AT1G32470,AT1G36370,AT1G48030,AT1G54100,AT1G62810,AT1G68010,AT1G70580,AT1G74920,AT1G80380,AT2G13360,AT2G17265,AT2G17630,AT2G24580,AT3G02020,AT3G08590,AT3G08860,AT3G10050,AT3G16950,AT3G43670,AT3G48170,AT3G50520,AT3G54640,AT4G02610,AT4G11640,AT4G13890,AT4G13930,AT4G14940,AT4G16155,AT4G19710,AT4G27070,AT4G29840,AT4G29890,AT4G32520,AT4G33010,AT4G37930,AT5G26780,AT5G38530,AT5G54810",0.993320882320404
42,pure_partial_boundary_probe,AC_PWY-2541,AraCyc,Lipid metabolism,23,13,0.5652173913043478,"AT1G20050,AT1G47290,AT1G50430,AT1G76090,AT2G26260,AT2G33630,AT2G34490,AT2G34500,AT3G02580,AT3G19820,AT4G12110,AT4G24805,AT5G13710",0.8260067105293274
42,pure_partial_boundary_probe,ath04712,KEGG,Signalling/regulatory,43,33,0.7674418604651163,"AT1G04400,AT1G09530,AT1G22770,AT1G53090,AT1G56650,AT1G65480,AT1G68050,AT2G23070,AT2G25930,AT2G32950,AT2G44680,AT2G46340,AT2G46790,AT2G46830,AT3G17609,AT3G50000,AT3G60250,AT4G08920,AT4G11110,AT4G20370,AT5G02810,AT5G08330,AT5G11260,AT5G13930,AT5G15840,AT5G15850,AT5G23730,AT5G24470,AT5G47080,AT5G52250,AT5G57360,AT5G60100,AT5G61380",0.979525089263916
42,pure_partial_boundary_probe,AC_PWY-2021,AraCyc,Other AraCyc,12,8,0.6666666666666666,"AT2G14960,AT2G23170,AT2G47750,AT4G27260,AT4G37390,AT5G13360,AT5G13370,AT5G13380",0.996207594871521
42,pure_partial_boundary_probe,ath01200,KEGG,Other KEGG/cellular,275,205,0.7454545454545455,"ARTHCP030,ARTHCP031,AT1G01090,AT1G04410,AT1G06290,AT1G06310,AT1G06550,AT1G09420,AT1G11860,AT1G13440,AT1G13700,AT1G16300,AT1G17650,AT1G17745,AT1G18640,AT1G20630,AT1G22020,AT1G22170,AT1G23310,AT1G24180,AT1G24280,AT1G32440,AT1G32470,AT1G34430,AT1G43670,AT1G47840,AT1G50460,AT1G50480,AT1G53240,AT1G53310,AT1G54340,AT1G55880,AT1G55920,AT1G56190,AT1G59900,AT1G63290,AT1G65930,AT1G67090,AT1G68010,AT1G68750,AT1G70580,AT1G72330,AT1G74030,AT1G78050,AT1G79550,AT1G79870,AT1G80380,AT2G01140,AT2G05710,AT2G13360,AT2G16790,AT2G17630,AT2G18450,AT2G19860,AT2G19900,AT2G20420,AT2G21170,AT2G21330,AT2G22480,AT2G22780,AT2G24270,AT2G29560,AT2G34590,AT2G35370,AT2G36530,AT2G36580,AT2G38040,AT2G38400,AT2G41530,AT2G42600,AT2G43750,AT2G44530,AT2G46505,AT2G47510,AT3G01850,AT3G02360,AT3G03910,AT3G04050,AT3G04120,AT3G04790,AT3G04940,AT3G06690,AT3G08590,AT3G08860,AT3G09810,AT3G10050,AT3G12780,AT3G13930,AT3G14130,AT3G14150,AT3G14415,AT3G14420,AT3G14940,AT3G15290,AT3G16910,AT3G16950,AT3G17240,AT3G19480,AT3G20040,AT3G22460,AT3G22960,AT3G24360,AT3G25530,AT3G25960,AT3G26650,AT3G27380,AT3G47520,AT3G49160,AT3G49360,AT3G50520,AT3G51840,AT3G52200,AT3G55440,AT3G55650,AT3G55800,AT3G55810,AT3G58740,AT3G58750,AT3G59760,AT3G59970,AT3G60750,AT3G61440,AT4G00570,AT4G13360,AT4G13890,AT4G13930,AT4G14880,AT4G16155,AT4G16760,AT4G18360,AT4G20930,AT4G22110,AT4G24620,AT4G26270,AT4G26390,AT4G26520,AT4G26530,AT4G26910,AT4G26970,AT4G29130,AT4G32210,AT4G32520,AT4G32840,AT4G33010,AT4G34200,AT4G35090,AT4G35260,AT4G35630,AT4G35640,AT4G35650,AT4G37550,AT4G37560,AT4G37840,AT4G39660,AT5G03290,AT5G03690,AT5G03860,AT5G07440,AT5G08300,AT5G09600,AT5G11670,AT5G13420,AT5G14590,AT5G15530,AT5G16390,AT5G23250,AT5G24400,AT5G24410,AT5G24420,AT5G25880,AT5G26780,AT5G28020,AT5G28030,AT5G35360,AT5G35790,AT5G36700,AT5G36790,AT5G36880,AT5G38410,AT5G38420,AT5G38430,AT5G40650,AT5G41670,AT5G42250,AT5G43330,AT5G43940,AT5G44520,AT5G47720,AT5G47760,AT5G47810,AT5G48230,AT5G50850,AT5G50950,AT5G52920,AT5G56630,AT5G56720,AT5G56760,AT5G61410,AT5G61580,AT5G63680,AT5G65110,AT5G65165,AT5G65750,AT5G65940,AT5G66760",0.9924331903457642
42,pure_partial_boundary_probe,AC_PWY4FS-8,AraCyc,Lipid metabolism,32,24,0.75,"AT1G32200,AT1G51260,AT1G62430,AT2G35680,AT2G38110,AT2G45150,AT3G11325,AT3G11430,AT3G18850,AT3G47170,AT3G47630,AT3G55030,AT3G57650,AT3G58830,AT3G60620,AT4G01950,AT4G24160,AT4G26770,AT4G30580,AT5G23110,AT5G40610,AT5G56610,AT5G60620,ATCG01010",0.8418571352958679
42,pure_partial_boundary_probe,ath04981,KEGG,Cofactor/vitamin metabolism,40,28,0.7,"AT1G22020,AT1G31770,AT1G36370,AT1G51460,AT1G51500,AT2G13610,AT2G37360,AT2G39350,AT3G22740,AT3G25620,AT3G25900,AT3G52310,AT3G53510,AT3G55090,AT3G55100,AT3G55130,AT3G55630,AT3G63250,AT4G13890,AT4G13930,AT4G25750,AT4G27420,AT4G37930,AT5G05980,AT5G06530,AT5G13050,AT5G19410,AT5G26780",0.9541775584220886
42,pure_partial_boundary_probe,AC_PWY-6369,AraCyc,Specialized/other biosynthesis,10,8,0.8,"AT1G22100,AT1G58643,AT1G58936,AT1G59312,AT3G01310,AT5G07370,AT5G42810,AT5G61760",0.8677119612693787
42,pure_partial_boundary_probe,ath00052,KEGG,Carbohydrate metabolism,65,50,0.7692307692307693,"AT1G12240,AT1G12780,AT1G22650,AT1G23190,AT1G35580,AT1G50460,AT1G55120,AT1G55740,AT1G56560,AT1G56600,AT1G60450,AT1G62660,AT1G64440,AT1G70730,AT1G72000,AT1G72990,AT2G19860,AT2G22480,AT2G36190,AT2G47180,AT3G05820,AT3G13784,AT3G13790,AT3G20040,AT3G47800,AT3G52600,AT3G54440,AT3G56310,AT3G57520,AT4G09510,AT4G10960,AT4G23920,AT4G26250,AT4G29130,AT4G29220,AT4G32840,AT4G34860,AT4G37840,AT5G08370,AT5G08380,AT5G11720,AT5G11920,AT5G17310,AT5G18200,AT5G20250,AT5G23790,AT5G40390,AT5G51820,AT5G52560,AT5G61580",0.9713432788848877
42,pure_partial_boundary_probe,AC_PWY-2681,AraCyc,Specialized/other biosynthesis,9,7,0.7777777777777778,"AT1G25410,AT1G67110,AT3G19160,AT3G23630,AT3G63110,AT5G19040,AT5G38450",0.9818857312202454
42,pure_partial_boundary_probe,ath00750,KEGG,Cofactor/vitamin metabolism,15,9,0.6,"AT1G72810,AT1G73010,AT2G17630,AT2G38230,AT2G46580,AT3G16050,AT4G29530,AT5G49970,AT5G53580",0.05448862165212631
42,pure_partial_boundary_probe,AC_PWY-6546,AraCyc,Lipid metabolism,11,7,0.6363636363636364,"AT1G13420,AT1G13430,AT1G67110,AT2G36800,AT2G46950,AT2G46960,AT4G27710",0.7146269679069519
42,pure_partial_boundary_probe,AC_PWY-5667,AraCyc,Lipid metabolism,28,16,0.5714285714285714,"AT1G06520,AT1G62430,AT1G64670,AT1G75020,AT2G38110,AT2G45150,AT3G18850,AT3G47170,AT4G00400,AT4G01950,AT4G22340,AT4G24160,AT4G26770,AT5G23110,AT5G40610,ATCG01010",0.3295721709728241
42,pure_partial_boundary_probe,AC_PWY-1782,AraCyc,Specialized/other biosynthesis,17,12,0.7058823529411765,"AT1G05530,AT1G05560,AT2G14960,AT2G23170,AT2G23260,AT2G31750,AT2G47750,AT4G27260,AT5G13350,AT5G13370,AT5G13380,AT5G54510",0.5501292943954468
42,pure_partial_boundary_probe,AC_PWY-6266-ARA,AraCyc,Specialized/other biosynthesis,38,27,0.7105263157894737,"AT1G01390,AT1G01420,AT1G05680,AT1G07240,AT1G30530,AT1G73880,AT2G15480,AT2G15490,AT2G26480,AT2G29730,AT2G29740,AT2G29750,AT2G36790,AT2G36800,AT3G21750,AT3G21760,AT3G21790,AT3G21800,AT3G46660,AT3G46670,AT3G50740,AT4G34135,AT4G34138,AT5G17030,AT5G17050,AT5G59590,AT5G66690",0.9997777342796326
42,pure_partial_boundary_probe,AC_PWY-112,AraCyc,Specialized/other biosynthesis,6,5,0.8333333333333334,"AT1G78480,AT1G78500,AT1G78960,AT1G78970,AT5G36150",0.9849061369895935
42,pure_partial_boundary_probe,AC_PWY-5992,AraCyc,Specialized/other biosynthesis,28,19,0.6785714285714286,"AT1G50520,AT1G50560,AT1G65670,AT1G78490,AT2G05180,AT2G27000,AT2G27010,AT3G20090,AT3G20100,AT3G20110,AT3G20120,AT3G20935,AT3G20940,AT3G44970,AT4G15300,AT4G15310,AT4G15350,AT4G15380,AT4G15396",0.9870791435241699
42,pure_partial_boundary_probe,AC_PYRIDNUCSYN-PWY,AraCyc,Specialized/other biosynthesis,5,5,1.0,"AT1G55090,AT2G01350,AT5G14760,AT5G50210,AT5G55810",0.2782254219055176
42,pure_partial_boundary_probe,AC_PWY-3001,AraCyc,Amino acid metabolism,25,19,0.76,"AT1G10060,AT1G62800,AT1G62960,AT1G70560,AT2G17265,AT3G02020,AT3G23940,AT3G48560,AT3G49680,AT4G19710,AT4G29840,AT4G31990,AT4G35295,AT5G13280,AT5G14060,AT5G19550,AT5G21060,AT5G51690,AT5G65780",0.9711707830429077
42,pure_partial_boundary_probe,ath00920,KEGG,Energy metabolism,40,27,0.675,"AT1G16460,AT1G19920,AT1G53580,AT1G55880,AT1G55920,AT1G62180,AT1G79230,AT2G43750,AT3G01910,AT3G03900,AT3G13110,AT3G22460,AT3G22890,AT4G14030,AT4G14040,AT4G14680,AT4G14880,AT4G16566,AT4G35640,AT4G39940,AT5G04590,AT5G09290,AT5G43780,AT5G54390,AT5G56760,AT5G63980,AT5G64000",0.9934453964233398
42,pure_partial_boundary_probe,AC_GLYOXYLATE-BYPASS,AraCyc,Other AraCyc,21,14,0.6666666666666666,"AT1G04410,AT1G53240,AT2G05710,AT2G11270,AT2G22780,AT2G44350,AT3G15020,AT3G47520,AT3G53910,AT3G58750,AT4G26970,AT4G35830,AT5G03860,AT5G54950",0.9820110201835632
42,pure_partial_boundary_probe,AC_PWY-3101,AraCyc,Specialized/other biosynthesis,14,7,0.5,"AT1G01190,AT2G06960,AT2G46660,AT5G43935,AT5G63590,AT5G63595,AT5G63600",0.9951977133750916
42,pure_partial_boundary_probe,AC_PWY-3742,AraCyc,Cofactor/vitamin metabolism,25,13,0.52,"AT1G50480,AT1G68760,AT1G69190,AT2G12200,AT2G16370,AT2G19180,AT2G21550,AT3G21730,AT3G55630,AT4G24380,AT4G34570,AT5G05980,AT5G65400",0.9659558534622192
42,pure_partial_boundary_probe,AC_ALACAT2-PWY,AraCyc,Degradation/catabolism,8,5,0.625,"AT1G17290,AT1G17300,AT1G70580,AT1G72330,AT3G03910",0.3480395972728729
42,pure_partial_boundary_probe,AC_ASPASN-ARA-PWY,AraCyc,Amino acid metabolism,18,13,0.7222222222222222,"AT1G70560,AT2G03667,AT2G22250,AT2G30970,AT3G16150,AT3G47340,AT4G00590,AT4G31990,AT5G08100,AT5G19550,AT5G22300,AT5G51690,AT5G60540",0.09203310310840607
42,pure_partial_boundary_probe,AC_PWY-6936,AraCyc,Amino acid metabolism,5,5,1.0,"AT1G55920,AT2G17640,AT3G13110,AT4G35640,AT5G56760",0.9987415671348572
42,pure_partial_boundary_probe,AC_DETOX1-PWY,AraCyc,Degradation/catabolism,11,8,0.7272727272727273,"AT1G47980,AT3G10920,AT3G56350,AT3G62730,AT4G00651,AT4G25100,AT5G18100,AT5G23310",0.24571730196475983
42,pure_partial_boundary_probe,AC_PWYQT-4445,AraCyc,Degradation/catabolism,12,8,0.6666666666666666,"AT1G72880,AT2G23890,AT2G36310,AT2G38680,AT3G53900,AT4G29260,AT5G40870,AT5G48960",0.679761528968811
42,pure_partial_boundary_probe,AC_PWY-5934,AraCyc,Other AraCyc,10,7,0.7,"AT1G01580,AT1G01590,AT1G23020,AT4G19690,AT5G23980,AT5G23990,AT5G50160",0.9159840941429138
42,pure_partial_boundary_probe,AC_PWY-7980,AraCyc,Energy metabolism,13,7,0.5384615384615384,"AT1G51650,AT2G07698,AT2G33040,AT5G08680,AT5G08690,AT5G47030,ATMG00480",0.9770469069480896
42,pure_partial_boundary_probe,AC_PWY-5788,AraCyc,Other AraCyc,12,7,0.5833333333333334,"AT1G28130,AT2G14960,AT2G23170,AT2G47750,AT4G37390,AT5G13350,AT5G13360",0.9930791258811951
42,pure_partial_boundary_probe,AC_PWY-5350,AraCyc,Other AraCyc,6,5,0.8333333333333334,"AT1G79230,AT2G17850,AT4G35770,AT5G66040,AT5G66170",0.8766835331916809
42,pure_partial_boundary_probe,AC_PWY-6606,AraCyc,Degradation/catabolism,17,9,0.5294117647058824,"AT1G72880,AT2G23890,AT2G38680,AT3G04390,AT4G02180,AT4G31196,AT4G37500,AT5G18860,AT5G48960",0.1407437026500702
42,pure_partial_boundary_probe,AC_COA-PWY,AraCyc,Specialized/other biosynthesis,6,5,0.8333333333333334,"AT1G48605,AT2G18250,AT2G27490,AT3G18030,AT5G02080",0.9887380599975586
42,pure_partial_boundary_probe,AC_PWY-6014,AraCyc,Specialized/other biosynthesis,8,6,0.75,"AT1G11600,AT3G10560,AT3G10570,AT5G04630,AT5G04660,AT5G61320",0.930425226688385
42,pure_partial_boundary_probe,ath00940,KEGG,Specialized/other biosynthesis,130,92,0.7076923076923077,"AT1G05240,AT1G05260,AT1G14540,AT1G14550,AT1G15950,AT1G24110,AT1G24735,AT1G44970,AT1G49570,AT1G52760,AT1G62940,AT1G67980,AT1G68850,AT1G72680,AT1G74550,AT1G77100,AT1G80820,AT2G18140,AT2G18150,AT2G18980,AT2G21890,AT2G30490,AT2G34060,AT2G35380,AT2G37040,AT2G38390,AT2G39420,AT2G40890,AT2G41480,AT2G43480,AT2G47630,AT3G01190,AT3G03670,AT3G10340,AT3G17070,AT3G19450,AT3G21230,AT3G21240,AT3G21560,AT3G21770,AT3G28200,AT3G49110,AT3G50740,AT3G50990,AT3G53260,AT3G62860,AT4G05160,AT4G08770,AT4G11290,AT4G15480,AT4G15490,AT4G15500,AT4G19010,AT4G21960,AT4G25980,AT4G26010,AT4G26220,AT4G30170,AT4G31760,AT4G33420,AT4G34050,AT4G34230,AT4G36220,AT4G37520,AT4G37530,AT4G39330,AT5G04230,AT5G04330,AT5G05340,AT5G06720,AT5G06730,AT5G09640,AT5G14130,AT5G15180,AT5G16120,AT5G17820,AT5G19880,AT5G19890,AT5G24070,AT5G26310,AT5G39580,AT5G40150,AT5G42180,AT5G47000,AT5G51890,AT5G57840,AT5G58390,AT5G58400,AT5G64100,AT5G64110,AT5G66690,AT5G67400",0.9992825388908386
42,pure_partial_boundary_probe,AC_CAMALEXIN-SYN,AraCyc,Specialized/other biosynthesis,31,16,0.5161290322580645,"AT1G13080,AT1G13090,AT1G13110,AT2G23970,AT2G30770,AT3G26150,AT3G26160,AT3G26170,AT3G26190,AT3G26200,AT3G26220,AT3G26230,AT3G26830,AT3G53280,AT4G20235,AT4G30540",0.9950577020645142
42,pure_partial_boundary_probe,ath00591,KEGG,Lipid metabolism,9,6,0.6666666666666666,"AT1G72520,AT2G06925,AT3G22400,AT3G45140,AT3G57140,AT5G04040",0.007841507904231548
42,pure_partial_boundary_probe,AC_HOMOSERSYN-PWY,AraCyc,Amino acid metabolism,6,5,0.8333333333333334,"AT1G31230,AT3G02020,AT4G19710,AT5G13280,AT5G21060",0.9930257797241211
42,pure_partial_boundary_probe,ath03015,KEGG,Other KEGG/cellular,119,87,0.7310924369747899,"AT1G03960,AT1G10430,AT1G11400,AT1G12920,AT1G13120,AT1G13190,AT1G13320,AT1G13460,AT1G15200,AT1G17720,AT1G17760,AT1G17980,AT1G18070,AT1G22760,AT1G33980,AT1G34140,AT1G49760,AT1G51380,AT1G51510,AT1G54450,AT1G58470,AT1G59830,AT1G64040,AT1G66500,AT1G69960,AT1G71800,AT1G73820,AT2G13540,AT2G25850,AT2G29210,AT2G29400,AT2G33410,AT2G36660,AT2G42500,AT2G45640,AT3G04680,AT3G05580,AT3G06560,AT3G07810,AT3G09100,AT3G16380,AT3G19760,AT3G20650,AT3G21650,AT3G26618,AT3G46820,AT3G52150,AT3G52210,AT3G53110,AT3G54930,AT3G58390,AT3G58500,AT4G04885,AT4G14300,AT4G15415,AT4G26650,AT4G36960,AT4G39680,AT5G01290,AT5G01400,AT5G02530,AT5G10350,AT5G10630,AT5G11170,AT5G13480,AT5G14530,AT5G19400,AT5G25510,AT5G27840,AT5G28210,AT5G28850,AT5G28900,AT5G37720,AT5G43380,AT5G43620,AT5G44090,AT5G44200,AT5G47010,AT5G47620,AT5G47880,AT5G51120,AT5G51660,AT5G55670,AT5G58470,AT5G59950,AT5G65260,AT5G66240",0.9968390464782715
42,pure_partial_boundary_probe,ath00902,KEGG,Specialized/other biosynthesis,7,5,0.7142857142857143,"AT1G61680,AT2G24210,AT3G25820,AT3G25830,AT3G61220",0.9826523065567017
42,pure_partial_boundary_probe,AC_LIPASYN-PWY,AraCyc,Other AraCyc,59,34,0.576271186440678,"AT1G02660,AT1G05800,AT1G06250,AT1G06800,AT1G07230,AT1G10040,AT1G10740,AT1G29120,AT1G31480,AT1G51440,AT1G55180,AT2G03140,AT2G19690,AT2G26870,AT2G30550,AT2G42690,AT3G03310,AT3G03370,AT3G47220,AT3G47290,AT3G48610,AT3G50790,AT3G55940,AT3G61680,AT3G62590,AT4G00240,AT4G11830,AT4G11840,AT4G19860,AT4G25770,AT4G29460,AT4G38530,AT5G51180,AT5G58690",0.7154402136802673
42,pure_partial_boundary_probe,AC_PWY-3841,AraCyc,Cofactor/vitamin metabolism,24,19,0.7916666666666666,"AT1G11860,AT1G22020,AT1G32470,AT1G36370,AT1G50480,AT2G12280,AT2G16370,AT2G21550,AT2G38660,AT4G00600,AT4G00620,AT4G13890,AT4G32520,AT4G33010,AT4G34570,AT5G13050,AT5G20980,AT5G26780,AT5G65400",0.990447998046875
42,pure_partial_boundary_probe,AC_PWY0-1182,AraCyc,Degradation/catabolism,9,5,0.5555555555555556,"AT1G47840,AT1G50460,AT2G19860,AT4G24040,AT4G29130",0.968865156173706
42,pure_partial_boundary_probe,AC_PWY-5864,AraCyc,Specialized/other biosynthesis,11,6,0.5454545454545454,"AT1G17050,AT1G70560,AT1G78510,AT1G80360,AT3G11945,AT4G28420",0.2465577870607376
42,pure_partial_boundary_probe,AC_PWY0-166,AraCyc,Specialized/other biosynthesis,6,5,0.8333333333333334,"AT2G16370,AT2G21550,AT4G34570,AT5G17760,AT5G59440",0.9934990406036377
42,pure_partial_boundary_probe,ath05100,KEGG,Other KEGG/cellular,26,19,0.7307692307692307,"AT1G10290,AT1G20090,AT1G30825,AT1G60430,AT2G17800,AT2G30910,AT2G33385,AT2G44690,AT3G08530,AT3G27000,AT3G48040,AT3G51300,AT4G01710,AT4G14147,AT4G35020,AT4G35950,AT5G45970,AT5G62880,AT5G65274",0.9782057404518127
